38.0652286,-78.90588756
38.2542376,-85.7594069
38.4404675,-122.7144313
36.7295295,-119.7088612
33.2297793,-111.2092898
40.5863563,-122.3916753
33.294207,-111.7379465
33.4485866,-112.0773455
39.85902405,-84.11136285
35.0886963,-92.442101
61.2163129,-149.8948522
38.6122751,-90.4634531
40.7670126,-111.8904307
32.9481789,-96.7297205
52.968492,-113.3679199
36.364792,-93.5679666
21.304547,-157.8556763
37.104153,-113.5841312
44.0581728,-121.3153095
39.0277832,-94.6557913
39.7136754,-82.5993293
33.7358518,-118.2922933
21.5543942,-157.873405
32.7174209,-117.1627713
21.4172766,-157.9986758
34.4480495,-119.2428889
26.103632,-80.40310188
38.2493581,-122.0399662
35.269381,-106.6328189
35.236207,-85.2982059
28.3647248,-82.1959177
37.5050118,-105.0077746
46.1420334,-122.9060317
36.3684245,-96.0013846
39.1637984,-119.7674033
43.0481221,-76.1474243
36.3134398,-82.3534727
26.075729,-80.28410888
39.3222209,-95.2669154
41.717613,-81.2086884
36.9486986,-84.096876
34.7370639,-82.2542833
30.165156,-85.6605594
33.3067132,-111.8408488
33.547741,-86.5591659
34.2073196,-84.1401925
38.6560565,-90.5742028
37.1839682,-84.5499416
42.26306,-71.8052219
44.4669941,-73.1709603
34.6100243,-112.3157209
40.3183284,-74.42021822
40.3083174,-105.0810923
47.6631371,-117.0855724
41.8755546,-87.6244211
32.8472711,-117.2742085
26.1254381,-80.1381514
41.9758872,-91.6704052
44.3777947,-83.8047086
42.5006217,-90.6647966
29.9032284,-81.4145467
41.5645337,-93.759528
34.1476452,-118.1444778
39.6419219,-77.720264
30.3321838,-81.6556509
36.4072485,-105.5730664
47.7456352,-121.0891717
33.9528472,-84.5496147
39.9062242,-75.0929516
38.929125,-119.9878464
44.9391565,-123.0331209
44.8454356,-93.5297242
39.3869442,-94.5810658
41.5049873,-94.5194148
40.5508527,-105.0668084
46.5927122,-112.0361089
37.2242358,-95.7083130
39.849557,-75.3557457
33.6626232,-117.5893799
45.5915958,-111.1977303
43.431646,-103.4743629
42.6000863,-72.3981415
35.8845238,-84.1535260
38.8368777,-107.8568293
36.8529841,-75.9774182
36.717954,-110.2606012
20.872684,-156.6762728
35.9040858,-109.0335346
35.6869996,-105.9377996
38.8903961,-77.0841584
35.7331895,-81.3412005
29.5639758,-95.2864298
45.5202471,-122.6741948
28.06906015,-82.6501914
35.189443,-114.0530064
38.3031837,-77.4605398
36.1206306,-84.6538307
42.6106479,-71.2342247
44.8353424,-69.2739364
45.366668,-63.3000059
39.1200471,-90.3284478
38.0592942,-93.7945455
41.2861336,-72.3557585
33.7490987,-84.3901848
29.8946952,-81.3145394
20.9717546,-156.6756045
48.754402,-122.4788601
33.857328,-84.0199107
36.1662859,-115.1492249
33.5726113,-84.4132593
41.9584367,-70.6672576
28.5479786,-81.4127841
35.9556924,-80.0053175
39.4932592,-117.0695385
29.4279955,-89.6108946
40.1728871,-74.9926687
40.7902778,-73.9597221
29.0338575,-95.4343858
37.4616454,-89.2504792
41.6293398,-70.3866805
26.1482449,-80.3288858
50.4480951,-104.6158180
32.7809195,-117.2524695
37.1685907,-113.6794056
41.0284304,-74.2959822
42.9620253,-72.4423101
44.2278666,-79.4614500
40.153364,-76.6042520
43.2122851,-77.4299938
37.2584705,-79.9622598
43.6703995,-121.5036359
45.5919097,-94.1661010
33.6783336,-118.0000165
43.857307,-70.1037599
43.5499749,-96.7003269
34.0778881,-83.5615535
44.5393721,-95.1164477
39.1659403,-77.0155329
44.395523,-68.0836489
39.127886,-76.6869129
33.5965685,-117.6594049
32.4446988,-111.2157090
42.988576,-81.2466429
40.41483,-74.2295890
39.6296809,-79.9559436
37.9254806,-122.5274754
41.3547602,-87.1294741
39.0840054,-77.1527572
47.9394115,-122.0779886
33.9748932,-118.0336974
36.9735903,-122.0260569
43.6796943,-70.4429341
39.9523993,-75.1635898
36.354859,-79.6644749
37.9373548,-79.2328101
37.3569086,-77.4421817
37.7594012,-77.4806602
41.6745432,-72.8581557
36.5817089,-86.5163832
33.5389854,-112.1858156
33.8360035,-79.0478142
34.1083449,-117.2897651
42.9783924,-78.7997615
40.854156,-78.2711029
40.2203907,-74.0120816
47.8105738,-122.3774951
31.1975317,-89.2078257
38.515529,-121.5321489
37.8403456,-85.9491297
30.7999563,-81.6898260
29.9057817,-96.6727527
40.0057737,-81.0097515
39.2864787,-80.2561980
38.223457,-122.2270430
38.8339578,-104.8253484
43.1089442,-79.0636192
39.2797699,-89.8817661
39.6482059,-104.9879640
37.0066161,-121.9969062
43.6155825,-84.2472116
42.7151854,-88.9907742
41.623191,-88.2284325
43.1358923,-122.3804695
59.76826,-151.6775519
39.9555928,-86.0138728
43.3896628,-123.3123597
37.1236041,-81.5684128
42.5959203,-72.2267496
37.9814415,-90.0417789
27.77330515,-82.6469933
37.8286516,-92.2007226
41.8674548,-71.3797769
39.473152,-75.0020264
44.588511,-69.5990749
33.94385375,-83.3972898
31.2579584,-95.9782919
35.5848596,-80.8100723
39.063956,-108.5507316
43.8088119,-79.2334018
40.7250986,-73.2453945
40.1672117,-105.1019286
47.7573202,-122.2440147
20.8029568,-156.3106832
40.6022059,-75.4712793
30.2265949,-93.2173758
40.956282,-96.7834109
34.0349194,-102.8149371
43.085391,-77.9417139
41.4459271,-74.4229340
35.2270869,-80.8431267
28.1614046,-81.6017416
42.2575385,-83.2110374
41.4860186,-73.0509431
27.0998708,-82.4544131
45.5469302,-122.4370392
33.4473361,-84.1468615
44.490817,-103.8593699
33.9732275,-78.3858370
40.64530975,-73.9550229
47.1377,-122.4764999
38.3565773,-121.9877443
40.785529,-74.0083002
38.8843867,-94.8161126
33.6723506,-82.8612562
27.6387163,-80.3975398
38.8611619,-86.4872148
39.5158825,-116.8537226
27.928464,-82.2880445
29.10150985,-81.0105537
33.8358492,-118.3406287
27.8002542,-97.3955743
32.598313,-83.6256769
47.5395736,-122.1563330
36.069026,-79.4005759
38.9786401,-76.4927859
36.6600752,-100.6792070
27.9094665,-82.7873243
40.55418,-74.2860007
35.824321,-78.3147199
39.3720477,-77.2719278
30.4263092,-88.8908637
40.3159438,-74.0851403
45.4871723,-122.8037803
43.286736,-76.1460359
33.1580933,-117.3505938
35.0537094,-94.6235578
33.436188,-111.5860661
43.9172764,-78.8614873
41.34059,-87.6214285
37.1330355,-113.6541265
37.5455735,-97.2689330
32.3026416,-86.0085693
42.8384221,-71.1470036
28.7211775,-82.3076844
39.60455,-76.4777421
34.2978794,-83.8240662
43.59622635,-70.3300556
46.8083268,-100.7837391
24.7209744,-81.0186826
48.4283327,-123.3649268
33.3578937,-91.8504083
34.364744,-119.3105822
33.7237617,-116.2673236
37.3265112,-80.7350711
30.38208845,-86.3640414
34.1508718,-118.4489864
34.1816482,-118.3258553
33.1976496,-96.6154470
43.61656,-116.2008349
39.7989763,-89.6443687
37.3361905,-121.8905832
35.4959148,-89.5089637
40.8,-96.6678209
44.2127373,-91.1237620
37.2634817,-78.6825049
27.7729445,-82.3981418
33.6956461,-78.8900408
45.3573429,-122.6067582
33.1433723,-117.1661448
38.577359,-92.1724264
26.5253491,-80.0664308
28.2336196,-82.1811946
37.9317492,-122.0327847
38.658172,-77.2497049
45.1607987,-93.2349488
44.205835,-73.2465359
42.1014831,-72.5898109
33.3806716,-84.7996572
26.6058996,-81.9807339
37.6922361,-97.3375447
40.1539613,-79.7411534
41.8448104,-75.0071096
39.9622601,-83.0007064
35.4306712,-82.5012315
45.7874957,-108.4960699
40.3972892,-81.5620642
40.5728404,-81.0856531
37.0300969,-76.3452056
36.1622296,-86.7743530
43.1033619,-70.7851622
40.2790921,-80.1017976
40.85703325,-73.83669606
40.7305991,-73.9865811
43.39008,-71.0657499
33.870413,-117.9962164
39.3292396,-82.1012554
42.7262016,-71.1908923
46.2631897,-119.4878019
44.5229223,-89.5741109
43.6678736,-116.6894155
47.32121,-106.9104609
36.3487196,-82.2106875
40.5882821,-79.7298186
33.778562,-117.0357665
43.5737361,-116.5596312
44.0206919,-88.5408573
39.6329025,-106.4711837
44.156593,-68.6672969
38.4087993,-121.3716177
31.9678731,-110.2945759
42.8095455,-74.0216719
43.7068282,-116.6201356
37.6456488,-84.7721822
45.0759797,-93.4561051
34.4742786,-114.3440009
33.34883,-112.4912299
45.2942822,-123.1764948
45.5372449,-122.4178386
46.4385488,-87.2793086
51.1777781,-115.5682503
27.7458626,-81.5306312
39.3851791,-74.6756877
42.6109085,-122.8218511
44.2597027,-88.8648343
44.7927298,-89.7035958
36.5277607,-87.3588702
46.2778406,-119.2769066
41.5255466,-90.5081477
47.6038321,-122.3300623
53.201097,-105.7489009
41.7729107,-88.1478669
43.9680365,-88.9434476
35.91537,-94.9699559
40.0386822,-81.444562
34.3764923,-88.68172
45.5228939,-122.9898269
33.888658,-118.3076479
28.9005446,-81.2636737
41.1158475,-98.0017248
32.8629195,-96.97917017
42.81032,-89.8622148
33.0206179,-80.1747536
44.3735635,-89.03185979
36.145965,-81.16064
43.8356637,-79.0905385
43.71558845,-73.30815198
40.3089798,-76.5933012
26.2714628,-80.18180782
38.5167886,-76.3830045
45.4210328,-75.6900218
43.894974,-96.9264449
39.6283928,-84.1593817
32.9478267,-112.7168238
32.4078632,-87.0207472
55.171025,-118.7951659
38.049365,-122.1585776
40.4211798,-79.7881024
39.0398314,-77.0552554
41.3516628,-88.8454359
41.4039201,-88.1117241
41.8460964,-94.4299693
42.9632405,-85.6678638
37.9577016,-121.2907795
35.7564719,-83.9704592
36.1986898,-84.0371391
47.3075369,-122.2301807
39.2908816,-76.6107589
39.3826031,-77.2694277
42.1816919,-87.8003437
28.0836269,-80.6081088
35.9940329,-78.8986189
38.9848265,-77.0946458
36.5959685,-82.1885008
42.5704219,-114.460317
42.583645,-83.2454882
40.6576022,-73.5831834
39.449556,-75.7163206
33.2442813,-86.8163772
44.0839937,-93.2261075
41.6791308,-93.0647785
38.0040893,-122.5496999
35.7803977,-78.6390988
26.3586885,-80.0830983
26.7153425,-80.0533745
42.7653662,-71.4675659
30.4115881,-88.53446
38.4570355,-101.8185006
44.9482087,-123.0629462
44.9958075,-123.0197172
37.5803268,-88.4361546
42.5250906,-71.7597939
26.2378597,-80.1247666
40.282292,-104.7780808
35.2597222,-118.9142432
42.7300784,-73.7012298
33.1958696,-117.3794833
42.360816,-93.0996463
44.9099665,-90.315691
35.8732914,-85.0953336
55.100373,-105.3012079
32.7425516,-117.0314171
39.7683331,-86.1583501
32.8465405,-97.06673619
40.1943798,-80.254125
48.1810957,-122.1389547
41.2378345,-80.6642431
44.8838514,-94.0416388
45.3513545,-89.6665189
52.1303794,-106.6605123
33.9318775,-117.9461073
35.3501426,-80.2000577
44.006085,-97.1139499
47.6588603,-117.4247133
37.9735346,-122.5310873
47.6859573,-122.1920248
54.061971,-124.5549847
41.5758708,-87.1761454
42.3486635,-83.0567374
33.7494951,-117.8732212
45.0049305,-122.7832946
41.0413873,-83.6503981
39.0911161,-94.4155067
33.3401005,-104.5233016
39.766098,-105.0772062
28.3361142,-82.2745307
34.2257282,-77.9447106
36.3274502,-119.6456843
43.622111,-116.2381786
43.4591601,-88.7342713
53.5343609,-113.5065084
36.1556805,-95.9929112
38.9959081,-77.0288917
46.0649999,-118.3302783
47.6694141,-122.1238766
34.9020296,-84.0774117
36.1729031,-85.9299965
33.1584497,-86.2385845
40.2667588,-76.1154996
39.52927,-119.8136743
39.3562796,-121.2791272
48.0074736,-121.7304881
46.8772292,-96.7898209
34.2011156,-118.5364741
34.2875607,-118.5528384
39.8939648,-85.9219416
46.075516,-97.1517549
40.5834557,-74.1496047
41.0586002,-94.3613474
30.1902067,-98.086678
41.8891319,-87.9774853
39.7942118,-91.5232105
34.096496,-83.7612838
40.4416941,-79.990086
34.3157241,-78.224721
43.3684613,-95.6299943
43.2219088,-87.9822968
38.5379676,-75.0588645
34.871511,-118.2157747
41.7108662,-87.758108
42.3803676,-72.5231429
35.4798757,-79.1802993
42.8777882,-88.5862121
33.4359175,-112.340502
42.0144871,-86.5194653
37.471623,-121.1296948
28.6122187,-80.8075537
33.5091215,-111.8992364
42.4396039,-76.4968018
43.157285,-77.6152139
38.4095298,-82.2945922
36.2942723,-82.4734785
35.5090288,-80.3111683
41.3831566,-71.6417289
42.8808677,-71.3264491
64.837845,-147.7166749
39.6048252,-76.8499774
40.7987113,-74.2390352
39.606779,-75.8332719
42.6780726,-88.2762025
31.9609032,-112.5840347
42.9956397,-71.454789
34.0543942,-118.2439408
42.6411908,-78.541731
32.7024009,-80.0481487
41.9239178,-89.0687073
39.92492,-74.1453549
40.9180005,-111.87216
48.94584,-98.9959609
29.4238472,-95.2441008
29.675779,-95.40215851
44.310517,-69.7792601
38.0272055,-84.5142633
40.0247953,-80.1000561
42.3604823,-71.0595677
46.8257374,-71.2349113
42.1103686,-73.3551147
42.2792625,-71.4161719
34.1014112,-84.5192191
43.5892854,-79.6441645
42.7337712,-84.5553804
38.7497125,-120.5776644
34.1028268,-118.3299898
39.841635,-74.93768531
33.4144139,-111.9094473
44.7321897,-92.4874123
40.6460635,-111.497974
40.6096698,-111.939103
43.519629,-114.3153249
35.4350977,-83.3601541
36.3847464,-75.8286982
35.8223779,-78.1124912
42.3370414,-71.2092213
40.1223248,-96.2629021
33.561968,-86.7988139
34.162526,-112.8507373
38.9330077,-104.6080825
39.7211793,-82.2987614
38.8445251,-82.1370888
40.7989522,-81.3784444
40.6837121,-73.5101257
27.7903032,-97.6688842
40.8020712,-124.1636728
36.346325,-94.33285765
40.6014555,-79.7597708
40.8859326,-74.0434735
40.9598212,-72.9962147
39.600618,-82.9460132
39.0437192,-77.4874898
40.2663107,-76.8861121
34.3516416,-87.7053802
41.6376043,-70.9036486
37.0065078,-121.5631722
40.1045549,-74.9512789
42.6511674,-73.7549679
40.7667655,-72.8520475
38.029306,-78.476678
40.3909328,-75.4921248
41.1408322,-96.2397417
30.8365815,-83.9787807
39.5960075,-74.32971056
50.5619196,-126.5825836
26.47036109,-81.76928287
34.0007493,-81.0343312
36.0726355,-79.7919753
26.63799875,-80.25590771
34.1976308,-119.1803817
28.3881698,-80.60326402
35.9603948,-83.921026
42.7778056,-81.1822955
29.5688411,-97.9647268
27.4953156,-82.7109328
47.9673056,-122.2013997
31.2232313,-85.3904888
34.0709576,-84.2747328
41.5192189,-81.4578959
34.2367621,-84.490762
42.7260523,-87.7825241
36.7170573,-109.6245141
47.19375545,-122.2358781
40.8042159,-82.1956858
35.3787442,-81.3789738
43.133061,-80.7498549
33.059919,-111.4303821
36.9903199,-86.4436017
30.7573109,-98.2289006
38.8672339,-99.075927
41.0391711,-96.3683916
35.2225717,-97.4394815
34.0908165,-118.5970195
40.6687141,-74.114309
38.8109254,-94.9272957
35.6571367,-97.4649037
32.2217422,-110.9264758
43.6963371,-98.572246
31.3465627,-89.2600604
36.1156306,-97.0585716
35.7079146,-79.8136445
37.201902,-113.1878541
33.780018,-118.262571
33.4006195,-111.5374039
38.5110803,-122.8473387
42.9000773,-73.5853938
39.7348381,-104.965327
32.753177,-97.3327458
38.1040864,-122.2566366
35.472663,-77.4155199
28.5558273,-82.4503731
48.1894036,-114.1373428
39.012363,-77.0961069
40.6178915,-75.378652
33.3959511,-110.7871769
35.7882973,-78.7811924
33.1775233,-111.5478924
33.222657,-111.6206973
35.6078392,-83.5022466
36.0998131,-80.2440517
40.1439985,-75.1157285
26.318342,-80.0996305
34.1477829,-119.1951073
29.9427892,-89.9629371
30.3132823,-89.3343222
38.2545799,-76.9635879
38.2009055,-84.8732835
25.800431,-80.2632189
33.7666873,-116.3613659
37.9883991,-85.7157923
30.0557025,-81.90363734
35.446138,-80.73685565
30.3674198,-89.0928154
26.02322025,-80.34123897
39.98402385,-105.133388
39.2559916,-76.6343409
28.7007225,-81.34927787
39.220104,-77.4241529
40.0789018,-93.6166073
34.4901665,-77.4316299
43.074761,-89.3837612
39.8842304,-82.7535048
44.8877401,-94.3697056
33.9926098,-83.7201709
33.353949,-97.69372387
34.1066756,-117.8067256
43.4577692,-88.8373289
33.2618362,-97.2374667
38.671727,-120.9402762
48.5403763,-120.68013
35.3272928,-96.9253003
28.0470698,-81.9539368
33.508315,-86.8710359
42.5803122,-83.0302032
38.845113,-76.8749719
37.2153307,-93.298252
38.8945939,-121.0739896
39.3131621,-77.6281857
47.4799078,-122.2034495
34.0289259,-84.1985789
34.01979,-117.9503676
32.9537349,-96.8902815
42.2411499,-83.6129938
40.883988,-74.5621024
46.309036,-124.0436639
34.3798765,-118.5291916
37.1692278,-94.8441238
40.0847055,-104.8130274
42.7844752,-83.2396611
36.0300744,-92.8046117
45.0564041,-92.8134981
34.735724,-77.9952627
35.4427512,-120.8921253
37.4953332,-86.2213613
31.124062,-97.9030784
33.9550828,-118.4367495
39.2839036,-106.0626173
34.0480643,-118.5264705
42.4567013,-83.9463358
38.383233,-121.9836109
27.9484265,-82.23621535
33.4504157,-82.1981763
28.9713742,-82.4887545
36.3956891,-80.7225669
42.4365949,-71.5050008
32.85223,-116.9899219
39.126735,-82.9854552
38.6647149,-106.8461505
43.4918307,-116.4201222
36.8733754,-86.3530455
36.5331586,-82.3268059
42.8522506,-83.4430001
46.5967275,-120.529656
47.4234599,-120.3103493
41.6389926,-70.970317
41.1695269,-75.8774189
42.0341658,-91.5976772
38.72338,-121.1858782
35.925193,-86.8689364
38.3428719,-81.8442958
43.9792797,-120.7372569
42.9614039,-88.0125864
40.5382375,-74.39451725
42.2584245,-72.5745331
38.7125305,-77.0124597
33.4709714,-81.9748428
34.8662005,-92.1101457
40.2975185,-111.6944684
39.6311085,-105.1100581
36.0481521,-83.1793267
38.811063,-89.9017111
40.7474966,-74.2635375
39.548935,-89.2945329
33.8389977,-83.9007381
25.6968351,-80.163526
27.9658533,-82.8001025
32.5631924,-97.1416767
35.2216745,-114.2175542
41.456191,-71.5394737
33.9815369,-81.2362106
39.059726,-94.8835753
27.9491217,-82.3546171
33.0369867,-117.2919817
44.9504037,-93.1015025
38.789217,-90.3226139
39.8868227,-83.3937232
31.2521279,-93.3412794
40.6102386,-80.2677259
39.7855096,-85.7681978
34.5402813,-112.4695072
43.4935245,-112.0400918
39.8211225,-105.2207429
33.754125,-116.8926903
33.5598586,-81.7219519
34.194945,-90.57478338
39.7337385,-82.6371202
40.3045067,-82.6962828
38.8010514,-90.6278809
40.6524927,-73.79142132
27.8651063,-82.22687485
39.2235117,-123.768625
34.1500162,-114.2891176
43.54805,-71.4070129
41.3073102,-75.3199034
29.4246002,-98.4951404
34.0572791,-106.8930517
45.3276208,-90.44545755
30.39642845,-88.75605487
44.067523,-70.0543789
40.521893,-111.9391022
33.7514966,-84.7477135
35.714259,-83.5101637
37.2778355,-121.9696599
33.6773237,-86.396648
35.5428819,-108.3001218
36.233679,-89.7495271
38.345068,-85.6155169
34.5203411,-106.2411269
38.2035967,-92.6266765
36.4412509,-76.6944132
33.9237141,-84.8407731
32.4420826,-97.7941966
40.5857635,-73.60997075
46.973703,-124.1562769
35.4729886,-97.5170535
47.216134,-122.5400829
42.0850747,-76.0538129
42.194543,-71.1994975
46.187885,-123.8312559
37.84054795,-119.5165877
32.3528418,-90.8777341
39.2156213,-76.8582048
30.2711286,-97.7436994
30.0474332,-99.1403188
37.801771,-121.1935299
45.9926837,-94.2554657
40.3551215,-79.64993944
53.6870871,-132.1808315
49.1204123,-122.6598956
54.312617,-130.3255344
34.4358295,-119.8276388
41.7605849,-88.3200714
34.040931,-117.0516713
42.4858692,-83.1052027
39.3762145,-77.1547039
39.8536535,-89.242029
39.2085354,-84.5501873
38.536456,-84.8418925
33.570499,-86.7657829
36.2297936,-93.1076764
39.4167742,-81.4548391
42.4775364,-83.0277
35.9155165,-86.44469333
41.1366494,-95.8907372
39.1014537,-84.5124601
46.022659,-114.1780929
30.2751945,-89.7811744
40.1164205,-88.2433828
35.9517674,-95.6508139
34.8667459,-84.7454938
51.0435486,-113.3998478
35.44572,-94.35182238
31.8514532,-109.8181857
41.4169806,-87.3653135
42.5750883,-71.9981329
42.558422,-71.9786879
42.7481421,-71.8542428
40.7899291,-74.0566734
39.8796775,-121.1486096
43.164121,-73.0728149
41.641445,-80.1514489
33.78538945,-118.1580492
39.6895036,-84.1688273
32.3140354,-106.7798077
30.4065868,-87.6835973
35.0840313,-92.4174169
34.231212,-95.6202475
40.6652251,-74.3045276
48.4107966,-114.3346264
32.7947731,-116.9625268
40.8952667,-75.3233922
32.4609764,-84.9877093
43.2345292,-70.8095017
37.5800421,-122.0353035
46.2509653,-119.9017048
41.3909274,-74.476547
44.060946,-70.3942109
44.9957998,-92.8793767
40.1659101,-74.1911587
43.848889,-73.4233469
28.2716755,-82.719545
29.425683,-98.4674859
30.3935337,-86.4957833
39.3520084,-83.3826927
41.2493292,-77.002767
39.5061332,-77.6524249
43.288116,-77.7933419
39.8063247,-76.9842734
41.5965635,-73.9112102
39.0090017,-75.4657541
42.9786981,-71.0728368
36.6440399,-93.2171329
35.9101438,-79.0752894
39.006165,-85.6235795
38.5565041,-75.571314
44.543505,-68.4201049
46.8591081,-92.4443565
40.2905684,-81.927144
35.3414745,-89.8973083
42.2722584,-72.39441289
34.3687021,-84.9341092
41.5910641,-93.6037148
33.0151208,-96.6130477
36.5945034,-82.1885211
38.899265,-77.1546512
36.9092773,-121.752907
34.7395701,-82.0370465
49.8833343,-97.166674
47.8278656,-122.3053931
41.6612561,-91.5299105
34.5862171,-94.2396553
36.0829998,-87.7945851
30.3960324,-86.2288321
44.1732996,-94.033845
40.8517821,-73.09918527
45.560864,-88.6724569
41.6797578,-87.4944872
34.2248222,-87.0091741
29.9942265,-90.2417805
33.6856969,-117.8259818
33.8501416,-81.6095492
35.5067259,-97.7625385
44.5736852,-68.7955878
32.6400541,-117.0841954
33.0136764,-96.6925095
32.7481864,-98.0092092
35.2951421,-79.7453163
39.5489964,-76.0914717
47.0395996,-122.2785728
38.4589432,-90.5365125
42.9275277,-83.6299517
35.342101,-119.0727129
27.9518491,-82.4563971
40.102555,-105.3632078
41.7156311,-74.7804322
39.5483805,-119.2144685
40.4742354,-80.0775554
37.1716264,-119.773799
42.8689552,-76.9777435
34.1597887,-106.910306
34.863972,-84.3240869
44.7411124,-105.7080576
48.8466698,-122.5897234
44.9772995,-93.2654691
26.1420358,-81.7948102
39.8912248,-74.9218324
46.52391,-84.3200679
44.78281,-69.3834689
33.9766799,-117.5598443
44.2509976,-116.9693326
43.136723,-78.884761
32.4709761,-85.0007652
38.9058216,-101.155238
46.2112458,-119.1372337
42.5272168,-96.4830863
33.7400209,-116.7189074
45.2629088,-122.6925982
38.9822282,-94.6707916
35.7688425,-119.2470535
43.8235163,-111.7870221
35.6178951,-82.3212301
39.613321,-105.0166497
43.826084,-96.7061609
44.2726203,-121.1739211
43.1303407,-77.4755509
46.980929,-123.8893349
34.0966764,-117.7197784
38.6272733,-90.1978888
34.0751571,-118.0368489
46.8700801,-113.9952795
41.6804665,-72.822161
41.3279106,-75.8007111
40.5742696,-74.6098799
39.5680644,-104.9778307
35.2072185,-101.8338245
36.600256,-121.8946387
40.433426,-76.1121647
40.7248607,-81.5218426
35.6048018,-91.281795
26.84176195,-80.13530871
39.5483354,-94.329946
64.750922,-147.349312
46.6698469,-120.7122934
30.1660736,-81.7064839
42.8867166,-78.8783921
41.8239891,-71.4128342
32.7762719,-96.7968558
32.0835407,-81.0998341
29.9404803,-91.0248213
35.6534497,-82.3390097
37.0897057,-113.1243875
37.7665947,-120.8471544
44.8871907,-89.6201217
38.0049214,-121.8057889
38.5815719,-121.4943995
26.0112014,-80.14949
33.6795519,-116.1763379
47.5315625,-122.6384055
33.6130338,-112.3244865
38.9584018,-77.3579742
32.5437448,-86.2119126
39.885541,-104.9872025
44.10118085,-123.1523837
38.7907339,-121.2357827
40.6584358,-74.2995922
39.745947,-75.5465889
40.4278841,-74.4159839
38.696783,-76.8477489
39.0844687,-94.5630297
30.0466051,-94.8852025
41.6072757,-81.0503741
35.1878231,-80.8082558
41.0339862,-73.7629096
38.5132838,-90.4401793
41.0830643,-81.5184853
42.3695356,-71.9481301
43.1131874,-79.0314255
40.2070573,-74.0812505
43.7964679,-70.2589387
40.5159304,-75.5551857
40.03813,-76.3056685
39.5539511,-83.2568581
33.5863905,-79.0120627
45.4307473,-122.7719338
39.4850848,-80.142578
37.8044557,-122.2713562
43.6529206,-79.3849007
33.7038145,-117.9627348
47.0263876,-122.8072256
35.388951,-119.0963359
27.7522487,-98.0697248
33.937672,-118.1654425
40.849158,-73.2585629
28.0683496,-80.5603302
41.5051613,-81.6934445
27.3364347,-82.5306526
33.8901036,-84.1429718
38.7890522,-77.1870367
27.4724175,-82.563375
34.019657,-118.4875489
33.8126059,-84.6343782
40.103196,-75.15155335
36.2139814,-83.2948922
33.4946353,-117.147366
42.0028761,-71.5147838
40.7959335,-74.3148712
37.1924594,-77.3677407
36.0103562,-84.2696448
36.095972,-79.2669619
42.2528772,-71.0022704
42.5464828,-71.1736668
42.6334247,-71.3161717
42.2667587,-72.0828544
43.1756235,-76.1193677
47.4938343,-121.786249
37.7522749,-86.8136004
34.1206564,-84.0043512
33.6170092,-117.92944
39.5214373,-85.7769237
43.44661,-96.8360339
31.802096,-98.1897588
43.3073766,-115.5411026
41.0167508,-75.897143
29.9185432,-91.0533995
40.1378499,-79.8981034
49.2445,-122.9727169
43.447436,-79.6666719
39.0992752,-76.848306
33.4707348,-82.5045955
41.8228378,-87.8480849
32.9659028,-108.5767196
43.4704014,-89.7437843
30.625503,-89.14462969
41.6828074,-88.3514595
44.8409548,-122.8709242
40.385549,-105.0443612
45.571907,-88.9028919
33.3254635,-83.6868558
42.4500967,-73.2453784
31.4170488,-108.9297734
36.0317472,-84.0279676
33.7825194,-117.2286477
40.820312,-87.9778179
43.037725,-80.8821099
36.9208854,-89.3506309
41.0799898,-85.1386014
34.0537585,-116.596724
39.5137752,-121.5563589
38.8585777,-104.917873
40.5599163,-74.5516572
42.1306522,-71.5411746
32.373972,-86.1613859
44.553292,-74.9398039
40.125222,-87.6304613
36.1913172,-115.3018605
38.7126151,-75.909936
35.8892969,-106.3206589
35.0841034,-106.650985
37.2753739,-107.8799421
38.1527685,-107.7617262
41.0602888,-111.9661494
34.8283825,-86.91713365
38.0181745,-121.8901231
43.910755,-78.6803049
39.6528509,-78.7624713
40.1983958,-83.0101842
36.0864996,-82.3142993
33.1506744,-96.8236115
44.661517,-84.7146369
34.3076252,-118.4492147
44.5520105,-69.631712
42.4184296,-71.1061638
47.1273723,-118.379975
44.8011821,-68.7778137
43.158679,-76.3327099
38.7071247,-121.281061
44.086105,-70.3207399
32.7876012,-79.9402727
36.9225615,-121.8517848
35.2429175,-81.0372969
37.8389595,-94.3549186
42.1250995,-71.1022711
43.1329504,-115.6911974
41.6528995,-70.28281
48.0632865,-114.0726133
39.6292788,-75.6582627
42.9132581,-85.7057034
51.7970889,-114.6393203
30.3180152,-86.1312568
29.584395,-98.9489192
33.6864432,-117.1770436
47.6691967,-117.1966686
44.6706157,-70.1511728
39.4940064,-74.4570946
40.1950775,-75.0889314
42.2417669,-70.8897675
43.9747774,-84.3873234
38.7389846,-77.5536742
43.255205,-79.8682019
34.065846,-117.6484303
37.7249296,-122.1560767
39.1802516,-83.6304343
36.5876538,-75.8840898
39.9242266,-83.8088171
39.2931174,-83.9888204
39.1548404,-74.689779
39.2776156,-74.5746
38.8106075,-90.6998476
22.074286,-159.3207479
29.8826436,-97.9405827
36.097082,-80.4192219
34.9416383,-118.9301003
47.001587,-114.4734549
39.0275659,-83.9196519
41.9822921,-79.3408606
34.9342548,-88.5222701
43.267206,-73.5847089
39.7589478,-84.1916068
34.0351727,-77.8935965
47.1714085,-122.5163999
34.6990505,-76.7402107
36.0625843,-94.1574327
38.7584091,-83.0290643
33.9968399,-77.907208
42.4351249,-96.8792568
36.8524545,-121.401602
34.6779399,-76.9507761
42.786873,-73.07845031
44.550356,-69.1211699
42.4030865,-86.2736406
30.7918613,-83.7898867
38.2097987,-84.2529868
43.8734979,-116.4993011
41.9141984,-88.3086976
39.7793976,-84.1246357
42.6987024,-71.1350574
39.9174732,-104.905461
50.1443787,-101.6690593
41.8119602,-79.2654451
34.2114655,-89.038265
43.408041,-73.2595829
46.3257496,-90.6606626
43.7327624,-88.7842766
41.0189863,-73.7981883
39.0490111,-95.6775556
50.1456208,-96.8788002
37.9410341,-121.9357924
33.27906,-116.3905559
42.9832214,-77.3089607
40.742551,-84.1052255
38.9386291,-98.59432151
47.0034291,-123.4087691
43.0821793,-73.7853914
26.1947962,-98.1836215
36.4078388,-90.5798335
32.255758,-80.7134411
52.8752336,-118.082429
39.8812236,-75.3237992
44.5665975,-93.3361402
35.8156121,-101.9104354
39.7439405,-84.63662
45.7813532,-122.5337432
36.0584021,-90.4973285
47.248404,-122.4616679
33.451278,-79.560897
45.3974065,-122.2614547
32.1131814,-103.1935126
35.326829,-78.6761279
35.0529931,-78.8787057
35.9803097,-78.5103426
34.3916641,-118.5425859
41.9898955,-118.6343403
34.6927518,-76.8561616
28.1477885,-82.77740857
40.2716575,-80.6291158
34.5023029,-97.9578128
40.7341804,-92.8740875
34.8269276,-82.5817052
40.9609315,-73.9901382
36.1028596,-78.2787228
40.9689871,-73.7126299
39.8271755,-75.1235891
39.8067455,-84.01023318
43.7407105,-117.0716803
41.6024068,-71.2503156
37.4635519,-122.4285861
37.6142165,-88.7081132
34.1033192,-117.5751734
41.6028116,-87.7439383
40.6938609,-89.5891007
41.928781,-74.0023699
43.5480465,-72.5944538
28.8554434,-98.5316313
34.06053,-117.4018939
39.2574114,-76.5236744
40.8656515,-75.2065676
36.8130233,-117.765987
44.1057973,-94.2188493
37.9317766,-121.6960265
31.470271,-82.1076619
36.0345159,-89.385628
46.2395793,-119.1005656
42.9081286,-81.4209221
45.1002449,-91.4886209
38.1880936,-77.674175
39.599472,-75.2623787
40.3027675,-79.99750309
44.421406,-84.1166669
39.8219895,-121.6106544
29.1831247,-94.9729395
43.9280142,-80.1042398
40.2910385,-79.93514465
39.0045544,-76.8755281
32.7599475,-97.7935766
38.0080902,-92.7446288
40.6677517,-111.938631
43.2341813,-86.248392
39.865968,-75.179635
38.0372967,-84.896617
34.9011886,-84.9738348
33.7212179,-85.1455035
30.4393696,-97.6200042
42.0372487,-88.2811894
38.744947,-77.48244413
39.9597213,-75.6059637
40.9729584,-117.7356848
27.2939333,-80.3503282
43.471764,-110.7883509
44.4604931,-89.5108817
42.1299234,-87.8299475
47.6144219,-122.1923371
40.1734049,-79.8575466
39.8101134,-75.2112924
42.4894801,-83.1446484
45.5197452,-123.1114404
45.2041282,-91.5582196
37.3280037,-87.4986988
41.9633625,-87.9789561
32.6992442,-108.1319871
40.2852895,-74.3334949
38.0682555,-120.5396455
41.1534294,-74.5762712
41.9220433,-71.5495069
49.1637659,-123.9379792
42.4972583,-82.9371408
41.161762,-74.3329291
40.3542858,-75.3050078
47.6262626,-122.5204512
34.0028569,-84.1441045
34.0606545,-86.7674979
30.421309,-87.2169148
45.95779,-86.2464189
38.8035961,-76.9896572
36.2008371,-115.1120957
39.5534303,-77.9949992
39.7309451,-75.704099
45.431676,-84.9919989
42.2417653,-71.1661639
39.856637,-105.0354826
45.4029964,-71.8876809
41.808434,-71.3369972
40.0706231,-82.1756985
29.16941,-95.4318846
37.1781879,-93.4183092
42.7164263,-78.7620326
38.3856488,-81.8362409
44.5299412,-88.0248316
45.2109843,-123.197585
38.882334,-77.1710909
38.7951501,-77.6141403
40.5943218,-75.1951672
41.8193283,-87.7796894
30.1765914,-85.8054878
43.0605671,-88.1064786
47.1196494,-88.5115108
40.8337029,-75.7138007
46.5889755,-87.6298323
35.5398549,-81.3973086
53.3807012,-111.5336298
42.0448121,-92.9103963
39.4667025,-87.4139118
48.8015577,-118.6069688
43.338044,-89.3803955
35.4093772,-80.5797415
34.0553813,-117.7517495
35.14726,-107.8514464
45.0722056,-93.1282877
35.1490215,-90.0516284
42.3517586,-71.8634061
30.0798826,-95.4172548
42.8124349,-86.0288166
37.9575349,-87.4076224
41.6340996,-111.8521652
33.4669721,-117.6981074
43.1009031,-75.232664
41.8847507,-88.2039606
32.9857275,-80.1098122
32.5279652,-80.7664951
40.5140894,-112.0328197
37.016827,-76.4505195
38.7742826,-76.0763304
33.5801103,-85.0766112
34.46505775,-77.57412305
41.1898885,-74.05604577
38.6056669,-121.3798221
36.2149902,-86.612851
39.6159851,-75.6629559
44.0545216,-79.4595168
58.3019496,-134.4197339
39.8523358,-75.0679497
37.2707028,-76.7074501
43.568452,-71.0307309
38.295411,-122.6136934
40.2452976,-75.6496423
40.5462553,-74.4660407
43.334668,-75.7479859
41.153902,-81.778633
36.4703232,-86.6513844
42.9923449,-82.3800378
43.18645,-77.8038969
40.6789916,-73.674019
39.9448402,-75.119891
38.9719384,-95.2359495
42.6024951,-96.5591991
44.2716577,-88.77946762
25.7820042,-80.22256429
39.6620638,-74.1651376
40.3014581,-79.5389288
36.550238,-82.5594292
28.6649055,-81.37626851
39.342635,-76.6450233
40.4588774,-90.6709793
40.3207577,-75.61010703
36.3302284,-119.2920584
35.7212689,-77.9155394
30.5217116,-97.8278329
45.4942838,-122.867045
34.0234337,-84.6154896
36.5703375,-83.65142479
41.8455878,-87.7539447
35.3848841,-77.992765
31.3060513,-82.242066
39.932589,-77.9988905
37.651236,-105.8711854
42.6468413,-73.798817
41.5111955,-78.23841148
40.3083672,-88.1558784
47.4475673,-122.3080658
33.560832,-117.2106563
37.9063131,-122.0649629
43.20098235,-75.88701648
39.092585,-84.8532289
28.187755,-82.74160797
29.7355047,-94.9774273
43.3041455,-72.95901109
28.7225829,-81.2353682
42.7876022,-86.1090827
41.8834363,-70.7625375
38.3348728,-75.0847658
41.8137116,-71.3700544
28.0856815,-82.7569069
36.7642873,-81.2281529
40.033814,-83.1596107
42.2681569,-83.731229
45.452853,-73.6442547
42.2139873,-71.2244986
43.078919,-72.1149439
33.34221,-118.3272611
32.6306626,-108.3442401
38.4375391,-108.2403854
34.8657757,-111.792989
39.7940026,-75.1721231
39.7476136,-75.3104653
41.2860699,-96.234612
30.2035419,-93.8662818
47.427155,-92.9376889
60.721571,-135.0549319
38.951883,-92.3337365
33.9575794,-116.9503987
37.2653004,-97.3717118
45.4453901,-122.6392888
34.7464809,-92.2895947
39.6505171,-111.4938033
34.9854275,-80.5495111
38.5322401,-93.5221544
42.0834335,-71.0183786
41.4847758,-80.4375686
43.3536843,-73.2520527
39.9325409,-74.7226664
30.2893655,-85.6404833
40.4782514,-74.2907362
41.571701,-87.6944914
41.7075394,-86.8950296
43.6086295,-116.3923259
47.072447,-123.7705599
40.6417683,-74.8359986
39.9009334,-76.6058
27.4467056,-80.3256055
39.2086655,-121.053123
39.2257902,-76.5892144
35.9597942,-89.9720327
41.7189392,-83.7129934
33.7458511,-117.8261659
40.4864444,-86.133635
44.921543,-69.2619319
33.7010223,-117.2027866
34.0239015,-118.1720156
29.0004425,-82.45599715
27.9014133,-81.5859098
39.3642852,-74.422935
30.7305142,-81.5464927
40.7484285,-75.6118528
44.6365071,-123.1059323
31.2182863,-81.3612076
42.9047884,-76.8627367
41.556996,-83.6271569
32.4426403,-96.229977
30.5335302,-92.0815089
28.1866014,-82.36612087
43.068241,-76.0965999
43.433476,-71.5924069
45.247341,-121.1731199
47.53279725,-122.754161
45.027513,-84.6747519
34.8848775,-79.6942221
32.3837754,-106.4966153
39.9303715,-77.2480391
40.2728452,-80.9967627
35.4817982,-80.85895
33.9204354,-80.3414692
33.5420888,-117.7834146
38.097323,-81.779844
41.8039825,-73.5587367
41.128432,-101.7193489
39.0098947,-121.4230132
48.5049158,-122.2349408
44.1197959,-70.1075529
45.6306954,-122.6744556
41.2657181,-70.0683143
47.3834644,-122.8304789
44.5360024,-88.0474996
34.6859896,-81.1545072
41.3661614,-81.8543025
41.1639309,-87.8839692
38.4325896,-82.0201367
38.925927,-79.8466551
42.8666803,-88.3334273
25.8931969,-80.1295425
38.966673,-94.6169011
36.2956836,-76.2247696
45.8846686,-95.3778829
35.6225064,-117.6699413
38.8462236,-77.3063732
32.4104385,-90.16206489
42.2942045,-83.3099302
47.9810178,-121.9198399
40.7182602,-73.87867519
33.9533546,-117.3961622
35.089038,-106.3725955
27.197983,-80.2519174
39.2699565,-81.5506915
39.9547861,-82.812119
32.665135,-114.4760315
34.9187023,-95.3097806
35.0768141,-80.6692351
21.093469,-157.0241549
43.4352345,-73.18722075
21.27857,-157.802133
41.9529237,-71.4663862
43.3050631,-70.9753628
36.1394339,-96.1100024
39.755543,-105.2210996
38.6275665,-121.3217231
41.7986545,-86.6105777
42.472626,-122.8028179
33.9463456,-118.2009809
42.981477,-70.9478342
47.44259955,-122.2930652
41.8500997,-71.4661702
46.548987,-124.0282199
48.8854493,-118.5994713
39.962398,-76.7273919
39.7687574,-76.6796517
46.730958,-120.6995159
33.9562149,-83.9879624
44.2611337,-88.4067603
43.784976,-72.4548339
47.8012197,-120.6276903
40.7887367,-82.236039
49.7,-123.15
36.1034126,-84.1318631
46.6315897,-114.0789958
29.5541432,-81.2207672
38.2767204,-90.6531834
42.8858503,-87.8631361
35.262082,-81.1873004
40.7395087,-79.1053128
35.507105,-78.7391809
40.6186756,-80.5772927
38.8576128,-76.889417
29.9978185,-83.2221526
42.1306554,-71.0411581
46.8801655,-117.3643494
44.1634663,-93.9993504
21.400594,-157.9704063
37.7625125,-97.2669879
39.0462506,-82.64282407
37.715818,-122.0902877
33.4293486,-79.1215911
36.860479,-82.78393405
29.9443451,-82.1101136
38.616431,-121.3631689
38.89298535,-77.01858404
40.7584326,-74.9793377
30.1706644,-81.5843709
40.2023355,-74.0120813
40.572851,-111.8334495
40.7336688,-82.7899025
40.448208,-122.2977814
46.1427302,-122.9556409
40.3889725,-77.2888739
42.0700423,-84.3305041
28.9174855,-81.9228603
44.7426933,-92.8518696
42.8334738,-89.0694899
40.9312099,-73.8987468
38.980666,-76.9369188
41.5499389,-111.4862841
37.0592253,-120.8505341
37.270973,-79.9414312
30.4925301,-81.6112302
42.0775906,-73.9529125
40.1214579,-82.0106917
37.8456373,-83.8582524
47.478654,-94.8908019
42.3073066,-74.2520874
38.1667776,-80.9117643
41.5119761,-87.9656097
41.368251,-82.1065756
35.7112642,-78.6141708
34.142498,-118.2485959
43.812729,-71.0362239
38.7499013,-82.0524559
40.3642728,-74.9512784
38.620656,-89.8859049
32.34672,-90.33908742
39.2482136,-97.3413489
28.7414145,-81.5344293
30.327985,-97.6191693
37.9331799,-75.378814
40.3359029,-80.083388
42.4228679,-72.1050786
42.20223475,-72.45946586
50.65085341,-120.349746
39.3201074,-76.515519
34.8981432,-86.7336097
41.4200938,-73.954583
39.8775553,-84.3021672
36.52348855,-105.037954
43.0798032,-88.9125722
35.7884241,-83.5543328
40.8214894,-73.9876387
43.258706,-75.0822829
32.9961038,-80.0387291
31.1729865,-90.8217567
47.5332072,-121.8434934
33.6633386,-117.9033169
43.8372828,-66.1156036
45.783901,-84.7278279
41.4730948,-87.0611411
43.757209,-71.9487759
40.8584316,-73.0995538
34.405472,-103.2050708
42.478934,-87.8238484
30.508235,-97.6788933
40.5492265,-82.8274014
33.8369216,-86.2549798
47.1849009,-122.2921405
36.6545454,-82.467094
42.8850972,-79.2521394
39.7284945,-121.8374776
39.8453418,-82.6007184
47.7563195,-122.3438254
46.2483846,-60.087349
41.2587317,-95.9378731
41.1832679,-96.0324043
43.517684,-70.3777309
33.5603938,-114.912069
63.5926909,-135.896142
36.3353449,-92.3851592
42.9405711,-87.995919
42.4417898,-123.0219914
43.1834579,-89.2134358
44.0462362,-123.0220288
39.8906737,-74.3120895
42.3875968,-71.0994967
39.6181706,-75.0757307
45.3570983,-122.8403569
39.1731621,-77.2716501
40.224432,-105.2705319
41.634874,-84.9992799
38.2234533,-80.0945098
38.8150501,-90.9559719
45.3152415,-94.4086028
43.216505,-123.341738
42.9005956,-78.6699969
45.901619,-89.4873625
30.6253463,-96.3271537
29.9499323,-90.0701155
42.7070354,-71.1631136
33.9092802,-118.0849168
40.7617653,-73.3292857
41.1588357,-105.3762552
41.6786754,-83.5127282
35.9134138,-84.0796341
21.5935975,-158.1044696
47.6696056,-117.8777335
43.0106139,-78.6375282
42.905848,-88.1389778
38.2546373,-121.2999484
35.6009498,-82.554016
42.7606415,-73.69916504
42.4393707,-123.3272488
42.3459271,-71.5522873
37.5062673,-77.6492679
38.4481246,-105.2052532
46.7204489,-122.9614302
41.803668,-80.0564439
49.1261437,-122.6248463
41.1950369,-87.1986402
40.5926922,-116.477307
33.5761376,-117.7258121
45.1608821,-122.2305037
33.377888,-112.572688
32.8234621,-97.1705677
43.7466899,-122.4597411
34.9512108,-94.6371703
45.8404101,-119.2894604
41.8646959,-88.1101708
40.5307776,-112.2982799
40.696629,-111.986727
41.2230048,-111.9738428
40.5046825,-111.4141889
40.5621704,-111.9296579
40.3432857,-111.7207607
40.5065256,-111.413309
40.6785654,-112.0772065
42.5990714,-114.7594945
37.654794,-113.0856291
47.1488444,-116.9799395
37.2393471,-113.5257759
38.891565,-121.2930078
41.5867418,-73.41176528
39.1501662,-123.207786
32.7678288,-117.0230838
37.6390972,-120.9968781
34.5793131,-118.1171107
33.9294606,-116.9772479
35.010985,-118.1903243
37.718829,-121.4343798
34.6774576,-118.4487111
36.804009,-114.0680592
34.426298,-117.5725025
38.0681008,-117.2309498
35.3738712,-119.0194638
39.327962,-120.1832532
33.5559483,-116.67457
37.6820583,-121.768053
37.570148,-119.9036591
37.876291,-121.2717438
34.5361067,-117.2911564
39.251597,-119.9723432
37.6413202,-120.7604833
38.9542487,-119.7656173
34.8115546,-118.9577628
37.7021521,-121.9357917
37.496904,-122.3330572
38.3396367,-122.7010983
39.0091667,-123.366111
35.125801,-117.9859037
36.2083012,-115.9839127
35.8876665,-119.4873135
36.120612,-115.0556809
36.0965604,-112.098494
39.4096043,-123.3555601
43.4925843,-70.4533843
43.207106,-71.5370215
42.3255929,-83.3310421
43.982672,-124.0998389
55.087014,-105.3218079
33.6292271,-112.3680188
38.187635,-104.5350144
41.9445441,-71.2856081
43.1787376,-122.1389201
48.113074,-105.1983149
40.2101972,-77.0047275
36.208065,-86.2905051
40.794026,-77.8606974
42.36837,-83.3527096
36.1128479,-89.2617367
31.7059751,-83.653559
41.7797533,-89.6889966
42.8579536,-70.930092
34.3862795,-77.6883098
43.1061507,-74.446177
46.9437207,-119.9899661
42.6059001,-114.2096453
48.1185325,-122.7679628
50.6323125,-96.9881075
29.7028266,-98.1257347
30.8471283,-90.1531409
38.7082357,-121.3299512
41.649013,-70.3481182
37.3024713,-78.3923812
46.0131505,-112.5365088
41.3769511,-71.511361
40.3245138,-79.7011548
47.5348778,-122.0432973
55,-124.9999999
39.070388,-76.5452408
47.3664231,-122.0437126
44.7690498,-117.1685111
40.7967244,-81.5215092
35.720151,-79.1771709
34.2647247,-118.5231414
43.4595138,-76.2288175
48.4200462,-122.3264199
42.56921505,-83.49967088
44.4371839,-90.9112579
33.677474,-116.2958788
33.7288179,-116.382571
44.311461,-96.7984399
41.6770463,-71.2661596
39.9984073,-79.9731064
31.0237921,-87.4938707
52.0918456,-114.7417789
37.7478572,-84.2946538
35.536498,-82.6929069
42.4853125,-83.3771552
39.3521777,-112.5771699
29.6233858,-82.46425662
28.5395705,-81.75219858
30.5718508,-87.85558597
45.6799842,-111.0446747
40.2273316,-74.6532132
30.682923,-87.85020618
34.5636358,-111.8543177
45.6015056,-121.1841586
44.7735732,-93.9216347
35.0988648,-120.612393
34.0211224,-118.3964664
40.6081591,-74.2776467
36.8348383,-81.5148367
29.209288,-81.0226482
30.9218505,-88.2005597
44.168415,-73.2520289
41.3274302,-89.1288761
44.95789,-124.0179959
42.1034075,-76.2621548
29.383845,-94.9027001
33.9135061,-78.3038891
33.6060031,-78.9730886
28.1124785,-81.6311975
38.6476702,-107.0603125
40.1856597,-75.4515709
34.0668373,-78.5263987
40.3461017,-94.8724706
38.2982639,-77.5249373
33.8347516,-117.9117319
39.099921,-121.0936738
41.0895413,-74.5171023
43.305193,-112.1830289
44.573839,-71.1852259
36.011453,-88.6228348
40.3446332,-78.0281184
33.6639137,-114.2299485
40.8789871,-73.1567777
48.3824747,-123.73147
37.7644952,-89.3350887
39.6847822,-83.9296525
42.58484,-82.93482448
43.0881744,-87.8883152
36.4198258,-82.4765351
28.1761233,-80.5900518
35.2976655,-82.1610171
28.2144905,-82.44559278
41.0220483,-74.2430987
35.5668467,-75.4684907
61.55,-149.8666666
33.14582252,-97.10196359
40.1053196,-85.680254
39.9379892,-105.0587293
36.2516475,-118.8525829
38.112507,-102.9574231
39.092034,-120.9405843
40.0683725,-85.8483131
42.5277622,-92.4454653
40.1571252,-76.3072102
33.3710715,-111.4261849
31.9365917,-81.92845
36.9647458,-89.0893386
33.1167891,-84.1965854
40.1151766,-74.3647771
48.1625483,-122.4950267
39.8023363,-75.0640601
40.5064571,-79.8431049
30.374673,-88.84594323
37.430364,-83.9979833
36.0391456,-114.9819234
43.4200387,-83.9490364
43.0349931,-87.9224969
30.2240897,-92.0198426
42.1861494,-86.3083559
34.851354,-82.3984881
40.217058,-74.7429459
40.4167022,-86.8752868
44.2206243,-69.9432128
45.3762302,-122.0167481
39.4010753,-76.7962989
41.5374786,-72.6275121
40.369766,-105.5496895
39.414443,-77.4105782
42.1969689,-88.0934107
44.0872965,-69.7989348
34.1866581,-118.4487289
40.0717828,-74.0543035
38.9429659,-76.7312339
20.757398,-156.4459989
38.052508,-103.7202273
36.0215258,-80.3819983
42.382337,-88.36697814
39.4453393,-83.8285374
40.8065352,-85.7833562
47.26439615,-122.8354025
37.0926426,-79.2964124
32.8572719,-116.9222488
43.633216,-88.7296351
45.9032277,-122.4656783
42.2002806,-86.426335
42.3222599,-83.1763144
35.0975577,-98.7464552
38.3914483,-86.9308735
43.190039,-112.3483569
26.1403635,-80.2133807
40.7684331,-73.5251252
39.0167275,-84.6007772
39.0697466,-92.9465807
44.6789109,-84.1467692
39.7378811,-76.7013608
44.7606441,-85.61653
40.8156124,-90.9104546
40.3269019,-75.330135
33.5948758,-117.6882066
30.6485191,-91.156496
40.735657,-74.1723666
37.6090291,-121.8991419
38.7529481,-121.2874192
24.7137524,-81.0903511
37.176515,-94.3103411
44.408278,-69.4741059
34.069909,-117.2489839
41.6105938,-87.0641991
40.1889327,-85.2041349
35.4495097,-97.3967024
41.731246,-87.7309533
37.293378,-80.0546669
47.715147,-116.948065
45.6030456,-122.6783623
44.312756,-124.1049989
40.125252,-87.2497417
46.0086901,-84.0744323
42.6583661,-83.1499321
28.1743275,-81.49322314
34.02332,-84.3600219
47.1622483,-122.0277459
40.875891,-81.4023355
39.8831558,-76.7105244
43.6770252,-70.3711616
41.525031,-88.0817251
41.9941938,-88.2922995
27.4957453,-81.4410424
32.594305,-89.6120171
34.4221319,-119.7026672
33.911454,-118.3481599
38.2812203,-80.852598
41.237557,-80.8184169
28.2494752,-80.7417354
43.3872247,-87.8756439
42.630054,-71.4395789
34.0991325,-118.108604
42.7884226,-71.2008932
34.0993549,-119.0905057
31.8111305,-106.5013493
47.9317394,-97.0173553
41.0339615,-73.6252492
38.3903526,-84.2941012
37.0692266,-94.1166042
41.788642,-89.6962193
38.4500517,-91.0084761
43.0024346,-89.4234536
40.726519,-75.393491
41.509832,-87.7392669
39.3726585,-104.8584263
39.8881566,-76.3671829
39.4020593,-75.0393367
41.7809588,-71.4371256
47.4071372,-88.2028491
43.4911326,-74.9481251
42.506484,-71.0728305
42.1939835,-71.7600701
42.928698,-71.1870052
41.6470383,-73.5681815
40.2711478,-79.8872723
27.998541,-82.2748839
43.2489755,-70.59922
37.4309757,-79.1230794
43.8015666,-115.1267473
41.0990792,-81.24249
49.1850834,-122.8446548
40.7281575,-74.0776416
42.4844404,-91.1229135
29.5293998,-95.2010446
36.49584065,-118.5599193
41.7946074,-88.0068998
39.9852617,-104.8205282
37.8857582,-122.11802
41.7002024,-71.4161107
42.237595,-71.1317019
38.3064384,-89.6114823
41.7788052,-88.4200423
20.039805,-155.8280179
36.1542508,-83.7040703
32.1687554,-88.282525
35.6150716,-87.035283
39.9009472,-74.823496
33.3772919,-107.4330911
49.694285,-112.8515619
38.1301968,-121.2724472
33.5967815,-83.8601826
32.872273,-116.4183495
42.3435662,-122.914165
38.9108408,-94.3821723
45.2502429,-93.2499507
41.7748155,-74.2982058
33.415622,-86.77247303
41.0581527,-74.752665
33.1216751,-117.0814848
41.4767352,-81.1443657
33.6929938,-78.8876211
43.7508284,-87.7145299
41.4789246,-87.4547604
47.5164297,-122.355739
48.2765903,-116.5532475
35.6709727,-80.474226
38.7296252,-120.7985459
37.6138253,-122.4869193
36.9203351,-88.5200449
43.7833992,-76.1193693
34.1683386,-118.6059196
41.3198025,-75.937976
40.0676135,-74.5307092
40.806767,-74.1854225
36.1881365,-94.5404961
42.0333608,-88.0834059
41.6362152,-70.9342049
42.0450964,-71.9300729
42.4982858,-92.336869
47.9078244,-97.0592027
29.7857853,-95.8243955
46.3141666,-114.1139844
40.9044256,-81.3602733
42.9889383,-83.7243329
30.2949457,-82.9840199
40.7957622,-80.1370794
42.6711513,-88.5467714
33.3228128,-116.8786358
48.5617742,-122.3982193
33.7746292,-117.9463716
45.168968,-69.3848419
35.8240265,-80.2533837
42.5380735,-88.3509272
39.5222207,-95.4008083
29.9691116,-95.6971685
38.9758064,-77.6428402
44.1074003,-78.8200171
32.912624,-96.6388832
39.410117,-74.3645909
42.4400357,-85.6489034
32.3095903,-90.1389756
49.7396419,-96.8786348
41.6303103,-87.8539424
41.18839,-80.9781469
42.0751013,-70.8800422
40.8428759,-73.2928942
40.4272949,-78.3889023
38.9939114,-119.1631561
45.4314173,-73.1637448
41.4935091,-81.3407275
46.5377111,-111.9327687
43.6610277,-70.2548595
39.506721,-121.5642472
41.9125286,-88.1347926
43.542952,-116.3284829
41.4514694,-75.6118547
32.655414,-84.8685417
39.1146799,-94.7495245
34.2098114,-118.9099525
42.0500965,-71.8800719
42.943367,-74.1850435
42.0750954,-72.0334083
40.8048207,-73.3362297
34.3770591,-82.3473447
47.625811,-65.6525134
43.6921071,-116.493463
40.1637359,-76.3952428
40.9470432,-73.0295494
38.9415062,-119.7493511
39.5095556,-76.1641196
37.7799273,-121.9780152
40.8075391,-91.1129233
42.098408,-76.0493683
44.3016847,-90.8085197
33.6619813,-112.3412694
35.584429,-78.7999819
35.352123,-75.5104307
31.8542511,-110.9937018
36.4130621,-115.7422307
43.8280309,-115.8344967
41.6833813,-86.2500065
47.8791016,-92.46335519
35.3954067,-82.5987483
42.5846773,-87.8212262
44.5956163,-75.1690941
41.7746685,-76.5264612
42.088522,-88.14840361
40.6872885,-80.2714504
40.8767648,-73.3245613
40.7317855,-73.44815765
43.263316,-78.38075637
42.407333,-124.4217739
34.2753247,-81.6188632
35.0717945,-81.6498194
40.708938,-84.3535639
40.712659,-73.3536779
31.8353757,-109.0311703
45.435081,-76.3573839
32.3909071,-110.9664879
41.453089,-90.5720802
36.3047735,-86.6199956
36.5319856,-82.2794491
36.8657651,-87.4889531
36.8354258,-76.2982741
45.4563052,-75.7228827
40.706715,-80.29868855
37.7800136,-98.0197791
44.1333654,-103.0645142
34.5114883,-83.5271165
28.9488761,-81.298674
44.0811755,-103.2280059
42.3709299,-71.182832
34.1727967,-118.5533689
45.0380201,-93.3866184
40.6614738,-76.7346887
40.3933956,-82.485718
46.9221813,-95.0586321
41.7412166,-70.5989195
43.9145244,-69.9653277
42.5750946,-70.9300506
40.2483149,-75.15900241
37.442156,-122.1634471
38.9178538,-78.1917717
33.8455911,-118.3886765
33.9482434,-118.0676102
40.2312713,-74.84670226
44.7980186,-93.5268985
33.5766205,-112.2398261
39.7301046,-76.3130138
41.0041213,-76.4538159
37.0967904,-119.3783781
42.3750997,-71.1056156
46.9738264,-92.2193206
28.6000625,-81.34274374
33.5225261,-117.7075525
38.5950643,-90.45567587
42.3238056,-83.400532
41.5034271,-74.0104178
34.1729044,-118.374037
33.3618814,-112.153386
40.7316433,-106.2836372
34.0133561,-117.6900749
34.6628067,-80.7005459
43.975028,-78.6164469
44.7975688,-69.0511536
42.2487615,-82.9906442
39.934002,-74.8909987
38.683727,-77.2602609
35.732535,-78.8505519
37.366328,-81.1025774
37.9389063,-97.0197556
29.2858129,-81.0558893
34.1363945,-118.7745347
47.5602073,-122.2201422
35.8831786,-80.0818169
38.9989499,-84.626611
33.8566982,-78.5668656
45.9873635,-83.90419161
30.9151871,-88.5986349
40.9034328,-72.6175935
35.6677078,-95.9690121
33.8246269,-116.5403029
33.7192808,-116.2188053
36.216795,-81.6745516
44.0507048,-121.734119
38.5754001,-78.5025088
43.1058437,-88.0695337
33.8278405,-78.6800322
40.8421618,-99.0845815
37.7934528,-79.9939483
42.0500953,-72.5828661
39.3208866,-81.5512638
41.2047051,-73.8604767
47.8540432,-121.6932028
37.6624312,-121.8746788
38.783194,-90.482368
38.9794923,-90.9806953
37.4430998,-93.0310149
36.578953,-92.9976755
38.9556031,-90.1867764
35.0527235,-114.5716529
46.8711245,-103.8354774
39.977763,-105.1319295
45.497684,-73.6125179
41.5623209,-72.6506487
39.6114346,-104.0614806
36.5015414,-77.0094073
34.1619724,-118.4024309
34.1265408,-116.3209478
37.7139041,-97.1364293
43.664697,-96.8108859
33.5313194,-79.0364539
32.2756634,-81.0799733
41.7199134,-86.5903543
46.9462292,-121.0689707
39.3784978,-123.3413983
34.6981064,-118.1366152
37.5385087,-77.4342799
39.1836082,-96.5716693
42.700915,-73.1087147
42.2505943,-83.178536
43.285703,-71.4674379
33.7500378,-117.870493
37.7792808,-122.4192362
33.8278989,-78.6452006
44.4560807,-80.8978757
33.7782918,-112.5297623
34.1206411,-116.4367483
42.1655801,-88.2942492
40.2336275,-76.8245182
33.6290111,-112.2819336
34.154488,-109.9734404
37.40088,-79.18449229
38.9237244,-75.5777032
41.6226185,-71.6657891
36.7111165,-107.9845115
40.0942664,-75.9113305
43.304194,-70.7334139
41.65530805,-87.67759052
32.6537561,-83.7596293
43.13479,-76.1299239
48.0197794,-122.0660913
45.1271847,-94.5280473
44.6647908,-69.2408795
44.591445,-75.6865309
47.9032372,-91.8670872
45.4020358,-92.6529087
39.4738129,-118.7783955
48.9466041,-122.4569314
39.3953654,-80.3008401
40.5580945,-90.0351166
32.4464534,-99.7333477
36.200055,-86.5186053
41.2650318,-88.2122822
43.0100818,-81.1432935
41.5410322,-72.8544022
41.5119954,-82.9376918
42.4605189,-71.3488962
41.2914244,-87.4205902
41.8218729,-75.8170766
35.0114698,-84.2629743
39.1729034,-77.2030296
28.5552719,-82.3878708
30.7752011,-94.4154757
43.2966716,-87.9875897
39.632845,-105.3232994
42.0700662,-87.8114043
40.3294268,-104.8552499
26.9824422,-82.10688401
42.4683698,-82.9554745
46.1431973,-82.3066856
42.1070383,-72.6203674
40.0562678,-122.1502687
36.101816,-78.4580539
41.021103,-81.5057029
35.3742845,-82.1878899
41.345055,-81.5284519
42.6449174,-91.4007895
34.9900503,-106.0491892
34.896069,-117.0174409
45.3363551,-92.997163
44.2802392,-88.55696906
38.2430811,-93.381871
38.1839705,-83.432684
41.805054,-80.9481489
46.571414,-123.2968441
46.0085225,-122.8424708
46.373464,-82.6528929
41.6619927,-86.1586155
43.196667,-75.7304759
35.2045325,-89.649247
42.86157,-90.1842261
35.4778653,-94.2218751
44.6277509,-89.3087255
39.9956193,-82.674334
37.9747645,-87.5558482
47.9415408,-119.0033547
30.2946859,-81.3931395
40.0064958,-75.7032741
44.2952152,-90.8484136
39.4006712,-74.8237779
43.9416755,-90.6397263
32.250398,-101.4787355
38.4192496,-82.4451539
42.976453,-88.109039
41.6661573,-81.3395519
41.5322592,-87.2550352
47.6776832,-116.7804663
38.3662114,-75.600888
35.0889797,-89.9648117
42.29709,-71.7139337
42.0333694,-87.7333971
36.9860582,-120.6265721
40.155097,-75.8899352
40.8153761,-73.1123329
43.088448,-70.7368469
27.5158689,-97.8561089
35.0600921,-83.3876546
42.308081,-83.48686761
37.797587,-83.4165714
42.245926,-71.9086842
45.08055015,-70.27344994
44.928106,-74.8920819
37.1368722,-93.2380053
28.654276,-81.32379065
40.0455918,-86.0085954
41.0970071,-78.8886435
40.9170435,-72.6620401
30.4380832,-84.2809331
42.0711084,-91.6668443
42.6822923,-76.8685693
37.798618,-121.2117149
33.039291,-85.0313268
40.851799,-78.2710189
32.7995738,-97.2691816
26.62121345,-80.06267318
41.0984301,-74.6884964
34.0854739,-117.961176
29.8508613,-81.2716633
41.946878,-111.3935396
34.2814497,-78.6665929
40.7093663,-113.116896
24.778716,-80.91390174
43.133061,-71.5491489
38.9630669,-119.9399462
45.5067406,-122.4367057
39.7380793,-75.5959196
46.8100926,-124.0932272
44.9519174,-93.3070993
41.9487118,-71.0731007
36.4269452,-121.3272146
24.3624102,-93.9626457
42.3264181,-122.8718604
44.537924,-78.5465379
34.2308684,-111.3251354
39.5233276,-122.1935309
42.3959296,-71.1786654
42.1156308,-75.9588091
37.5420937,-98.1221719
40.6220478,-74.2445901
42.5911431,-83.490772
34.7351615,-79.3489316
26.7253421,-80.0705972
28.693322,-81.28850946
37.9689254,-92.5921246
40.4978545,-74.756931
40.9645293,-76.88441
35.2195898,-80.1189476
37.7306054,-88.9331255
39.3262083,-77.3515367
32.7703841,-89.1153487
37.70839,-86.5188692
32.5221828,-93.7651943
37.9374939,-107.8122851
28.6593925,-81.20469036
42.1675825,-87.95564011
28.3821505,-80.775798
42.353355,-88.0934144
26.2052115,-80.27105556
36.3560545,-77.0115134
38.2120144,-85.2235665
31.2437872,-90.4531535
28.0331886,-80.6429694
29.1924213,-82.1352046
35.9828413,-86.5186044
44.92317,-92.9588281
36.407317,-83.0054422
45.3324647,-93.7460803
40.9941846,-92.1674007
36.8252277,-119.7029193
33.895497,-118.4003449
38.8697146,-106.9878231
37.7742152,-87.1133303
46.7066099,-92.428246
41.283944,-81.2239909
31.8684927,-89.5559023
32.1613648,-81.8980724
33.5442781,-84.2338092
33.8062166,-84.1457504
33.8907278,-78.5683445
36.1867442,-94.1288141
49.1690609,-122.6480819
35.9082122,-77.5694168
30.2396865,-81.3856383
46.51960035,-95.3739555
29.0963729,-80.9369982
53.0120768,-112.8387295
40.6916081,-75.2099865
43.2052594,-90.6410844
43.698341,-86.3639649
35.2593696,-120.6667637
38.8979586,-123.2144506
30.4085568,-86.6026027
36.0700694,-90.7478917
33.9046184,-78.0827698
41.229539,-73.9870849
43.336968,-83.3524499
35.9789244,-105.3080679
30.8249094,-97.6044539
33.5981814,-83.4048861
31.8151416,-101.045267
33.6871594,-78.9883568
47.9474034,-122.3036991
32.8406946,-83.6324021
27.9695815,-81.6088229
43.1654193,-79.2391708
42.4169651,-88.0739707
37.0920222,-84.6041083
39.7092262,-84.0632684
40.856766,-74.1284759
36.3295905,-78.3991637
31.6926121,-106.2074792
44.9630216,-92.964936
42.539202,-82.9493651
26.3525758,-81.8211121
34.3164826,-84.5521523
39.920737,-82.7958709
27.064381,-82.36831026
33.9866807,-118.1853489
37.1036666,-93.81854
54.129722,-111.5680559
34.8722771,-107.9398473
37.8572589,-94.1277215
41.8661417,-89.2212087
36.3728538,-94.2088171
38.7745565,-75.1393497
33.912594,-118.3831789
29.8269064,-82.5967831
39.3082805,-110.0598549
37.7782171,-121.6054992
46.8068852,-92.2382463
28.8117179,-81.2680327
26.7017553,-80.22338413
40.8042674,-74.0120839
43.256116,-88.1939818
36.7183708,-76.2466797
30.5586046,-97.8444363
46.4722305,-96.28064411
41.5094771,-90.5787476
34.8142093,-106.7613066
35.957392,-75.6240619
41.8994745,-87.9403417
38.2971367,-122.2855292
36.3231067,-86.7133301
32.6549967,-79.9406092
33.7872386,-118.4018129
41.424473,-91.043205
39.1457247,-121.5913515
30.0932963,-81.7189834
45.993246,-123.9202129
43.7334103,-70.8433956
51.02532675,-114.0498684
37.3900893,-83.6226906
42.9000596,-78.491967
25.97591145,-80.33472118
40.335345,-75.9279494
49.2608944,-123.1139382
43.0127852,-88.5881561
38.9130342,-75.4280734
33.9680962,-112.7301352
40.15674165,-82.61254974
36.3883031,-86.4475897
37.8280961,-92.1776663
36.4539626,-94.115204
43.1463645,-91.7645995
37.0057958,-89.1772448
34.9498007,-81.9320156
39.2236694,-84.442164
35.1595182,-84.8766114
29.7946641,-98.7319702
44.6697996,-74.9813348
41.5942684,-70.97944163
40.3042778,-73.9923595
41.4429007,-71.6063996
42.4800954,-71.0994975
40.014561,-74.3112573
42.1250929,-72.749538
33.5993316,-79.7442356
34.5978776,-90.7523335
38.3717842,-75.5457561
33.352059,-84.1785304
40.7469593,-73.8601455
40.9756137,-78.5250242
37.8248359,-104.7484834
40.6828155,-87.411689
46.2561815,-114.1546423
40.8509333,-73.9701381
39.8717773,-75.5913177
38.6942009,-98.2149288
41.0225273,-73.9486642
38.4108801,-87.7614173
35.7826363,-80.8872958
35.5141597,-113.3202085
39.9928898,-74.7876623
42.9729249,-120.7774823
47.750467,-90.3346749
44.2310677,-95.2641638
28.8008294,-81.6432867
42.6888478,-84.2827932
47.8560266,-121.9706153
37.2809707,-79.8969818
47.0256536,-91.6729181
42.453492,-75.062953
26.140641,-80.1019883
38.3505993,-81.633281
38.5738096,-109.5462145
47.7423219,-121.9856781
30.5368592,-91.752893
48.1807415,-116.9093649
26.9620053,-82.3525951
32.8546197,-79.9748102
44.7242874,-94.908477
37.5558826,-78.5547171
33.018515,-115.5159424
42.5048167,-71.195611
41.900101,-71.0897674
35.2673659,-80.3556187
33.45936245,-88.82985423
42.0741015,-124.3155771
37.3246665,-119.5662538
45.9646491,-66.6437528
41.8505874,-87.7936684
40.8602222,-74.9720492
39.9614631,-80.3078431
38.8791783,-99.3267701
37.0035953,-112.9668811
43.1116731,-88.4992658
43.6414716,-70.240881
37.8978275,-88.9314582
36.2070313,-106.3186693
45.8379973,-88.3902942
41.32065,-74.6615514
42.1103041,-88.0342399
34.7758538,-112.8282376
37.553026,-101.3067041
40.1778887,-74.5834886
32.9029017,-96.5638799
38.6779591,-121.1760582
42.4850362,-83.0277001
48.1210578,-122.8176205
40.2309343,-75.5221244
41.240056,-81.4406669
30.3874135,-96.0875065
61.5828234,-149.4380984
35.3395135,-97.4867044
43.805792,-71.8128199
45.5317928,-122.3911549
44.568948,-80.9493259
47.0450197,-122.8948724
48.2022563,-114.3167116
33.3975655,-112.4333288
45.8640034,-122.8064921
40.6799638,-122.3626506
32.701939,-97.10571484
38.7209436,-75.0760264
37.9737114,-82.0173501
47.469918,-122.3485273
41.093429,-75.00184
38.2120121,-86.1219154
43.2133955,-77.5797225
47.2150945,-123.1007065
35.3658075,-120.8499012
42.9905492,-89.5335574
42.9320202,-76.5672028
42.8006441,-71.3042289
34.2495525,-117.2938955
39.7945762,-105.2686536
40.085373,-83.0995029
38.81144,-90.8529106
38.4167265,-77.4579782
39.5507448,-107.3255
42.4194684,-71.69911649
39.7596061,-121.6219176
35.9395222,-93.1662873
43.0394461,-71.0730252
34.9531295,-120.4358576
33.5778631,-101.8551664
57.9608333,-136.2274999
38.9016487,-107.9264539
48.0849312,-123.1096705
39.7139579,-82.2084804
44.5511745,-70.0861691
42.8014795,-70.9897779
44.055025,-70.7135009
34.0659329,-84.6768795
41.2445293,-75.4560182
37.4200233,-83.9913881
40.092024,-74.21219636
33.6706408,-101.535161
29.67360855,-82.32341406
36.8472332,-84.0617628
39.1106375,-76.55069665
36.0349854,-86.7158571
43.015056,-70.89991148
33.8943393,-78.4266719
28.247132,-82.71702379
36.5745104,-85.1288434
40.4731073,-88.9941402
30.9654672,-91.9817866
39.5752639,-76.9959276
42.0415823,-87.8873915
39.8220536,-75.8274412
45.7781707,-65.377103
41.5536469,-87.4519839
33.0151201,-96.5388788
39.3138822,-104.0868972
41.4487049,-74.2854288
28.1296214,-80.6310384
28.3600674,-81.54276905
39.0084464,-75.5779806
45.4810426,-75.5099599
40.3273146,-76.0110488
43.3015069,-123.1011753
39.4560761,-77.9637712
40.2759769,-123.6364205
32.5520013,-117.0430812
41.5824086,-85.8343659
45.3656761,-122.612314
39.1230777,-93.1968703
39.3493389,-123.814182
43.714575,-79.7523866
39.1852184,-78.1652403
38.6450783,-82.8487799
36.6103334,-88.3147609
37.4946568,-120.846594
36.1198589,-80.0736532
33.695381,-85.83984218
33.5581325,-105.7077625
35.5085717,-78.3392928
35.0081474,-90.7898341
41.309875,-122.3105669
40.1105915,-75.28448691
42.296059,-83.4462289
48.4109853,-119.5275505
33.9137085,-98.4933872
29.0195145,-81.29414163
27.7550276,-82.7376008
34.9775758,-85.3577362
53.633239,-113.6288449
34.4263886,-117.3008783
45.8956885,-119.4914116
36.7304288,-108.208919
42.4684148,-73.8162353
26.0717438,-97.4763732
34.9440441,-80.2411734
45.3402359,-80.0370221
35.1436895,-82.8220185
40.2323122,-76.8846955
44.8546856,-93.4707859
33.6617962,-95.5555129
66.8982057,-162.597762
41.1316961,-73.4038851
42.3294391,-88.4605712
39.2128338,-76.7137154
40.7451356,-75.3289301
40.7423309,-75.3112094
47.7092722,-121.3605683
33.286379,-111.1096547
34.085736,-81.1824899
59.9011107,-158.2016851
41.1617999,-112.0261902
40.6720461,-74.4948768
36.7658915,-108.2597152
41.6603788,-71.455891
30.2274645,-81.3800823
45.9741126,-94.8652641
48.0517429,-122.1768208
42.0645396,-72.5125862
38.8845583,-75.8271563
43.6148702,-71.63039594
35.3600553,-79.7796558
40.4848003,-106.8317358
34.4888822,-118.6228655
39.5355063,-76.3490395
34.7659145,-84.7699384
46.4165506,-117.0176568
29.0427592,-81.9292504
38.777132,-77.2754689
36.030723,-75.6760099
38.639462,-83.7452589
36.2731957,-79.0475114
35.0462004,-83.8179526
42.5903646,-72.3098067
28.2662775,-80.66369835
35.483406,-86.4602716
21.394833,-157.7298912
28.2996183,-82.4522701
32.2295319,-108.0861496
43.9747838,-75.9107564
43.816665,-72.2722709
43.703622,-72.2886659
43.906303,-72.1479029
42.48059,-83.4754912
21.926485,-159.5297239
28.34378545,-81.52640624
44.1150637,-72.3117638
34.067008,-118.2594401
41.6081492,-74.2990401
40.6667841,-111.8884169
37.7527982,-100.0170786
42.6084207,-72.0759129
40.3722906,-80.6114625
38.0464066,-84.4970392
34.7711319,-112.0579366
37.1751111,-113.2899923
40.8312096,-73.0295519
33.5481691,-83.9743543
26.4614625,-80.07282
39.3745035,-76.7227287
30.4457544,-86.5791188
35.465994,-78.1605499
38.6275421,-92.566517
38.4408563,-92.9918651
46.281056,-95.7139598
39.698676,-86.0973169
35.7561879,-89.9281418
43.8416816,-82.6415956
27.816415,-80.4706077
40.1009294,-76.4246851
43.9508384,-78.2917518
39.5975986,-94.4184895
37.6144838,-93.4104748
38.253018,-93.2138789
34.9260827,-117.9350682
42.2625932,-71.8022933
43.0904764,-83.2333704
37.338658,-92.9071208
41.0400917,-75.3057386
38.8403909,-77.4288768
37.4236626,-88.3461482
41.115137,-74.1493949
41.119228,-78.7600299
43.118913,-124.4083219
45.671445,-110.5292599
40.5821362,-74.9589825
33.994015,-117.4237406
35.6609056,-86.0313773
45.3205199,-92.7049302
41.8301081,-69.9739069
44.2949637,-93.2688269
42.4966815,-96.4058781
37.8483224,-106.9254766
40.1141614,-77.0375221
37.6325499,-90.6451231
33.0767226,-111.7392992
46.548394,-110.9028869
36.6031184,-92.4282169
33.4047711,-111.5384661
30.522651,-86.49145292
40.9048188,-75.1115653
34.6391501,-120.4579408
32.8997997,-105.9603397
36.7597652,-108.4821474
44.775982,-89.5803591
33.0186103,-117.0610494
33.734515,-87.2826489
44.4833945,-122.8699822
36.8975794,-95.9260926
37.81724,-96.8622523
46.0945258,-64.7354771
42.096968,-75.9143409
47.7909667,-122.3066394
42.8353641,-71.6489603
39.607851,-81.2731698
47.1053802,-122.0456672
28.183222,-82.55402782
43.6702423,-92.0832156
35.2827525,-120.6596155
41.165613,-80.8575849
40.7937116,-74.1501437
39.7722151,-101.7998969
39.4018552,-76.6023879
39.2584995,-84.63292607
46.7052335,-92.3634087
39.1245048,-84.3616059
38.5413716,-89.2635989
40.1973955,-74.99828612
33.0011565,-112.4173757
39.5851063,-76.3877389
43.309941,-73.6444469
42.0494845,-73.72131226
39.0019935,-120.8254006
44.39561585,-89.16335849
42.17073265,-72.57331507
42.6914047,-88.4042625
32.6728314,-114.1468893
36.6915262,-79.8725385
44.3927581,-88.7398254
32.8793816,-111.7575613
41.4849906,-93.3885438
43.250859,-83.7941309
48.7323723,-119.5956234
60.330143,-151.2366311
35.4262076,-91.8385016
47.313494,-122.3393102
41.5385159,-75.9468439
42.7689141,-78.617761
33.924982,-117.8638365
37.6688205,-122.0807963
33.8503463,-118.1171913
43.7311765,-73.819296
27.8778904,-82.7329308
35.8197809,-78.8903241
41.7720243,-87.9792251
41.4030331,-73.4843655
40.9637919,-72.1851728
40.0484311,-76.6882837
30.7018408,-88.2336674
33.7274726,-117.7681721
29.7957633,-90.8228709
40.2114978,-74.7879398
40.7374853,-115.5972206
45.3055202,-93.7941377
61.5995292,-149.1135484
21.472893,-158.0358675
43.4316671,-88.0464811
42.88470785,-70.85367774
34.9166691,-108.9684582
29.6657838,-95.0193728
41.7255879,-87.8250549
42.4461322,-87.8328504
33.035378,-116.8675131
33.8644291,-118.0539322
39.0897199,-76.7073533
37.9850091,-103.543832
36.6744117,-121.6550371
38.4166818,-95.853044
42.9980144,-78.1875514
47.759853,-122.2068216
36.3437017,-83.2840619
37.1317924,-80.5764476
33.5428006,-111.9556
25.575865,-80.34137218
37.7360396,-120.9354894
40.866517,-124.0828399
38.707687,-122.9024963
40.6378801,-74.4509862
44.5365119,-122.9070338
45.5012431,-119.8247507
44.636755,-124.0534419
44.5256753,-121.2130973
42.1972487,-122.7153994
44.7022814,-122.0817336
36.5138398,-119.5538928
41.3217232,-80.2586746
27.5060991,-99.5088978
25.6051055,-80.3536644
49.016667,-123.0833329
49.2192655,-122.6014679
61.315575,-149.5847041
43.1659436,-70.63509628
47.8577455,-122.2210627
33.86428,-118.3959099
34.5300253,-112.2412738
35.1619885,-106.6428037
38.4733823,-77.9961274
35.751179,-86.9300022
40.2967427,-78.4497369
42.534741,-88.1436975
40.5675388,-89.6406579
42.5323027,-73.7984562
36.0440245,-79.8100313
33.8222752,-111.9175948
42.9033917,-78.7547535
35.8104164,-80.5558941
38.95709251,-95.64343791
40.310004,-75.1304839
45.5911103,-122.4122247
41.1000764,-81.9382516
45.3010756,-94.9441772
39.7938958,-74.223206
47.2359524,-122.362638
35.1057126,-85.2642638
41.9945473,-70.7244821
27.044224,-82.2359253
39.9537359,-74.1979575
38.1986436,-92.6387967
38.762173,-121.1850334
41.8800296,-88.0078434
40.6536448,-112.0057606
42.341296,-87.9148259
32.1292891,-101.7884641
43.4647581,-122.1420069
40.8689892,-72.5175892
44.9271194,-93.4074944
35.6731237,-86.5966614
38.5292877,-76.9752513
29.4607876,-95.0513172
40.6233995,-74.3148278
36.7626282,-80.7347946
40.5114885,-75.3904579
19.062767,-155.5863189
42.6389216,-83.2910467
44.9713519,-93.6044032
36.7232466,-87.2623515
35.147859,-87.3214063
28.9294316,-81.6656304
43.0119497,-88.6995469
39.8648357,-75.0551713
32.9771114,-105.9435188
34.7408902,-106.7283596
41.6113712,-93.8857069
42.36782045,-71.12666173
43.0116784,-88.2314812
39.8398413,-74.1901398
39.4284503,-74.4957075
40.0562262,-77.5139073
40.9758992,-81.4072767
40.0861603,-84.578565
35.4661821,-82.5164241
19.6170245,-155.0335095
39.977818,-74.3319286
41.5514979,-70.6147518
39.612852,-80.4764509
33.1960027,-80.0131373
39.834165,-96.0641679
37.2734688,-80.0453173
44.9905115,-64.1363748
32.707577,-107.2130761
40.7945457,-73.8184673
33.6680772,-117.3272614
35.444884,-78.4269489
44.650051,-93.243279
36.0006178,-88.4281062
33.510021,-86.7376819
33.6952248,-84.7654423
43.536603,-73.6677929
39.2884381,-77.2038716
34.1338751,-117.9056045
38.6611187,-96.4919472
31.2776873,-94.5765939
37.9768525,-122.0335623
41.8297694,-86.2541767
47.0978795,-122.2042823
37.079179,-106.0086328
38.7840035,-77.469711
44.1851466,-72.5597574
44.260015,-72.5753598
40.1573885,-74.83223965
46.3246419,-120.0081897
43.177526,-83.7341269
43.22336,-85.5514239
44.2799872,-88.3184393
45.6647417,-93.9088138
36.9040392,-76.8996823
56.724101,-111.3766479
40.9392584,-75.4349069
47.4038683,-97.0620307
45.0649843,-88.03427
32.6631885,-95.4882895
39.4156237,-76.359251
41.7856489,-74.2290365
45.3069062,-92.3621368
45.106772,-123.9842819
42.5217281,-78.7650291
40.8880086,-74.4800517
40.787878,-74.3882069
44.54948445,-78.26143982
41.4086874,-75.6621293
40.8442828,-90.6168407
38.3620915,-76.7079155
53.5256963,-113.2966312
43.106456,-76.2177049
30.7241128,-95.5298808
33.7131763,-115.4003234
36.4993297,-80.6071608
35.4939587,-85.0124534
40.5583739,-85.6591441
34.1984435,-79.7671657
39.4262079,-79.3349455
40.988667,-81.9948683
42.4772418,-88.0956395
34.7489107,-112.1137715
35.3187279,-82.4609527
38.2690534,-122.0651633
34.8667565,-92.4043218
33.5701568,-116.0745416
30.001852,-90.17671482
38.9041742,-94.4046729
39.842075,-74.52305749
36.5859718,-79.3950227
42.0041236,-87.9706456
38.4440561,-90.21374729
37.3261588,-91.9559879
37.0842271,-94.5132809
41.8375928,-74.0373626
43.879548,-79.7382599
35.974598,-77.9655409
34.6107245,-78.2419414
32.7293279,-82.719859
31.7606732,-93.0860208
44.6803471,-69.1628221
42.7006303,-74.9243209
42.0978028,-88.5303642
37.7259779,-77.6783238
33.599523,-117.8724842
38.0608444,-97.9297742
29.6910625,-95.2091005
40.4162842,-120.6530062
31.8457149,-102.3676869
32.8387371,-86.6294261
33.0053986,-86.3591425
40.9247058,-75.3938457
37.1734372,-82.6309891
44.7528499,-68.6789217
49.321542,-123.0743409
28.6683252,-97.3883264
43.371968,-83.5832919
39.3719762,-84.4536928
43.236672,-88.2212043
40.4468261,-75.5671745
41.84686,-87.8152023
43.1531421,-70.8000556
41.5977669,-93.7082764
35.110418,-81.05379645
34.1659795,-81.3498211
44.414164,-68.5869599
35.881048,-83.77661816
39.2827707,-74.9915422
35.2895304,-93.4201835
32.4890299,-90.8201028
38.684105,-121.2184686
38.7627893,-93.7360497
45.6000291,-97.0000237
36.7282096,-76.5835702
56.250094,-120.8334656
21.5988789,-158.2408521
38.2973519,-78.4400098
42.5673904,-82.4959678
34.9203946,-82.2962268
34.0193221,-80.9898127
32.8383828,-116.9739166
41.1551257,-73.3896512
41.429159,-82.0250829
46.8791756,-102.7896241
34.073016,-112.1264982
34.5029146,-81.6114931
32.688443,-97.1471209
45.5198001,-123.0556201
54.1376057,-115.6751168
41.2087066,-73.5748482
40.1745538,-74.9226664
32.583944,-117.1130849
38.2209232,-82.2037528
38.8856557,-80.2973053
48.5465695,-117.9055369
36.9935615,-121.8919915
44.7217374,-69.0022632
36.7889307,-86.8038856
30.6077379,-81.4600908
40.8175985,-73.0001067
43.646067,-108.2120429
28.0036298,-80.5656088
39.9016244,-74.2142752
35.1170873,-80.7237179
38.2211656,-90.3790093
47.3657791,-122.1002219
38.4328317,-90.3776186
36.0929457,-80.1496283